Age,Income,Expenses,Gender,Education,Target
56,54674.0,5105.0,Male,Bachelors,0
69,55854.0,14078.0,Female,High School,0
46,66271.0,30003.0,Male,Bachelors,1
32,93688.0,,Female,Masters,1
60,58518.0,,Male,Masters,0
25,30267.0,6925.0,Male,Masters,0
38,,23440.0,Male,Bachelors,0
56,21062.0,44685.0,Female,PhD,1
36,70448.0,31015.0,Male,Bachelors,0
40,115462.0,38320.0,Female,High School,0
28,26229.0,,Male,PhD,1
28,76793.0,41679.0,Male,Masters,1
41,67915.0,31289.0,Male,Bachelors,0
53,,8389.0,Male,Masters,1
57,23596.0,30683.0,Male,Masters,1
41,26168.0,18629.0,Female,High School,0
20,27561.0,29826.0,Female,PhD,1
39,93794.0,40198.0,Male,High School,1
19,102152.0,31630.0,Male,High School,0
41,46734.0,38226.0,Male,High School,1
61,26371.0,37975.0,Male,Masters,0
47,46069.0,5899.0,Female,High School,0
55,,16653.0,Male,,1
19,32910.0,32961.0,Female,PhD,1
38,93479.0,21405.0,Male,PhD,1
50,97735.0,13601.0,Female,High School,0
29,101264.0,38662.0,Male,PhD,1
39,43275.0,38282.0,Male,PhD,0
61,92274.0,26288.0,Female,High School,1
42,101449.0,34545.0,Male,Masters,1
66,80004.0,41877.0,Male,High School,1
44,82981.0,20313.0,Male,,0
59,,20349.0,Female,Masters,1
45,74553.0,12179.0,Male,Bachelors,1
33,68447.0,15326.0,Male,Masters,0
32,54529.0,49555.0,Female,PhD,0
64,,6560.0,Female,Masters,1
68,96090.0,18612.0,Female,High School,1
61,37260.0,22650.0,Male,Bachelors,1
69,23812.0,31745.0,Male,Bachelors,0
20,48024.0,36890.0,Male,Bachelors,0
54,78656.0,25022.0,Female,PhD,0
68,47285.0,,Male,PhD,0
24,112436.0,23311.0,Male,Bachelors,1
38,21605.0,33380.0,Female,Masters,0
26,91158.0,49662.0,Female,Bachelors,0
56,92303.0,7356.0,Female,Masters,0
35,47139.0,9790.0,Female,Masters,1
21,97149.0,31911.0,Female,PhD,1
42,76138.0,29363.0,Male,,0
31,,,Female,Bachelors,0
67,,15181.0,Male,PhD,1
26,105655.0,44825.0,Male,High School,1
43,47446.0,21082.0,Female,High School,1
19,,5661.0,Female,PhD,1
37,44818.0,42412.0,Female,Bachelors,1
45,24324.0,7920.0,Male,High School,1
64,96323.0,30658.0,Female,High School,1
24,,19025.0,Female,Masters,1
61,58110.0,13946.0,Female,Masters,0
25,36389.0,33706.0,Female,Bachelors,0
64,61427.0,44004.0,Female,PhD,0
52,99579.0,21309.0,Male,Bachelors,0
31,48746.0,38120.0,Male,PhD,0
34,107886.0,35027.0,Male,,0
53,20117.0,12005.0,Female,Masters,1
67,,5956.0,Female,Bachelors,1
57,33234.0,39839.0,Female,Bachelors,0
21,73441.0,13595.0,Male,PhD,0
19,20846.0,17803.0,Female,PhD,1
23,30954.0,30963.0,Female,Bachelors,1
59,99239.0,41221.0,Female,PhD,1
21,66514.0,44443.0,Male,,0
46,108236.0,38723.0,Female,Bachelors,1
35,117579.0,44063.0,Male,Bachelors,0
43,26469.0,20282.0,Female,High School,0
61,50105.0,9703.0,Male,PhD,1
51,62101.0,11563.0,Male,Masters,1
27,84323.0,30849.0,Male,Masters,0
53,111922.0,36860.0,Female,PhD,1
31,78067.0,36585.0,Female,Bachelors,1
48,69376.0,27015.0,Male,Masters,0
65,65587.0,17003.0,Male,,1
32,56976.0,48585.0,Female,PhD,0
25,87584.0,31958.0,Female,Masters,0
31,98477.0,,Male,Bachelors,1
40,62533.0,16171.0,Female,PhD,0
57,21828.0,17201.0,Female,Bachelors,0
38,21917.0,34426.0,Female,Masters,1
33,40618.0,22778.0,Female,Masters,1
62,52254.0,47229.0,Male,Bachelors,1
35,67362.0,26116.0,Female,High School,0
64,40128.0,38297.0,Female,Masters,0
41,79383.0,24342.0,Male,High School,1
43,85545.0,32490.0,Male,Masters,0
42,102180.0,24975.0,Female,High School,1
62,107958.0,31723.0,Female,High School,1
58,29865.0,28279.0,Female,High School,0
46,22219.0,17765.0,Female,Bachelors,1
32,59809.0,16561.0,Male,High School,0
62,25287.0,46899.0,Male,High School,0
18,,,Male,High School,1
42,28512.0,27861.0,Female,Masters,0
24,21342.0,38142.0,Female,High School,1
26,83076.0,31916.0,Female,Masters,0
41,39216.0,49965.0,Female,High School,0
18,113070.0,9648.0,Male,High School,0
61,99767.0,40133.0,Male,Bachelors,1
25,117829.0,35523.0,Female,Masters,0
41,46614.0,34052.0,Male,High School,1
28,56258.0,39414.0,Female,Masters,0
68,113789.0,37781.0,Female,Masters,0
34,62078.0,9599.0,Male,PhD,1
25,,40046.0,Female,Bachelors,1
52,116573.0,40923.0,Female,Bachelors,1
52,32219.0,46089.0,Male,Bachelors,1
50,20235.0,8814.0,Female,PhD,1
22,62929.0,40984.0,Female,PhD,0
59,87444.0,31616.0,Male,Bachelors,0
56,28567.0,,Female,PhD,1
58,90792.0,48006.0,Male,PhD,0
45,85441.0,18760.0,Female,PhD,0
24,104555.0,26927.0,Male,Bachelors,0
26,93698.0,,Male,,1
25,25415.0,37419.0,Male,Bachelors,0
29,56159.0,17588.0,Female,PhD,0
51,63925.0,41142.0,Male,Bachelors,0
50,25951.0,44198.0,Male,PhD,1
65,107388.0,49738.0,Male,High School,0
40,28007.0,38397.0,Male,PhD,0
41,,,Male,Masters,1
54,78596.0,15831.0,Female,Bachelors,1
52,50523.0,10724.0,Female,Bachelors,0
61,,16083.0,Female,Masters,0
57,106740.0,24816.0,Female,PhD,1
39,35524.0,47240.0,Female,,1
44,39282.0,11276.0,Female,Masters,1
52,43930.0,,Female,Masters,1
18,20077.0,,Male,PhD,1
52,40611.0,,Female,Bachelors,1
54,36984.0,28040.0,Male,PhD,1
64,34060.0,48320.0,Male,Masters,0
31,102985.0,21959.0,Female,Masters,1
20,104056.0,11099.0,Male,Bachelors,1
18,63303.0,47267.0,Male,Bachelors,0
22,79207.0,24576.0,Male,Bachelors,1
43,95046.0,40946.0,Male,PhD,1
31,49287.0,11116.0,Female,Bachelors,0
56,113709.0,20563.0,Female,Masters,1
44,59711.0,,Female,Masters,0
26,31954.0,31928.0,Female,High School,0
32,93340.0,41336.0,Female,PhD,0
32,,14847.0,Female,High School,0
43,91520.0,31155.0,Female,Masters,1
59,107062.0,19135.0,Female,High School,0
30,38574.0,22774.0,Female,Masters,0
68,29184.0,6742.0,Female,High School,1
49,,23309.0,Male,Bachelors,0
56,87728.0,,Female,High School,0
66,54016.0,22658.0,Male,,0
69,,39707.0,Male,Bachelors,0
49,65558.0,25337.0,Male,PhD,1
21,38381.0,,Male,Bachelors,0
47,56455.0,5968.0,Female,Bachelors,1
54,112263.0,30892.0,Male,High School,1
40,24018.0,30619.0,Female,Masters,0
56,31302.0,,Female,PhD,0
62,87506.0,32420.0,Male,Bachelors,0
32,,20360.0,Female,PhD,0
60,74917.0,44030.0,Male,High School,1
46,112738.0,6058.0,Male,Bachelors,1
53,,25677.0,Female,High School,1
30,103122.0,15724.0,Female,PhD,0
49,44519.0,33404.0,Male,High School,1
24,116809.0,42946.0,Female,PhD,0
68,107487.0,44748.0,Female,High School,0
39,76819.0,34856.0,Female,PhD,0
45,100910.0,14200.0,Male,Masters,0
19,91324.0,38997.0,Male,High School,0
59,25408.0,30611.0,Female,High School,1
62,79379.0,46235.0,Female,Masters,1
23,45053.0,40057.0,Female,Masters,0
45,29446.0,6239.0,Female,High School,1
45,20922.0,43138.0,Female,Masters,0
61,118723.0,5125.0,Male,Bachelors,0
61,71356.0,28857.0,Female,PhD,0
37,30789.0,20398.0,Male,PhD,1
47,117720.0,11638.0,Female,PhD,0
28,86656.0,11570.0,Male,Bachelors,0
45,64028.0,8249.0,Female,,1
42,84484.0,14110.0,Male,Masters,1
56,52154.0,45363.0,Female,High School,1
50,102870.0,18605.0,Male,Masters,0
18,22336.0,,Male,High School,0
44,87779.0,44062.0,Male,Bachelors,1
69,,27911.0,Male,PhD,0
30,79201.0,43525.0,Male,PhD,1
58,52265.0,37556.0,Male,PhD,1
20,63872.0,17595.0,Female,Masters,0
56,66197.0,6969.0,Male,High School,0
23,75180.0,48753.0,Female,High School,1
25,43710.0,,Female,Bachelors,1
44,49486.0,9470.0,Female,Masters,1
26,,15225.0,Female,Bachelors,1
54,91895.0,47324.0,Female,High School,0
50,84435.0,46974.0,Male,High School,1
68,,,Male,PhD,1
59,40103.0,28196.0,Male,,1
61,84772.0,45287.0,Female,High School,0
41,34382.0,18669.0,Male,PhD,0
32,104291.0,42380.0,Male,Masters,1
49,23756.0,,Male,Bachelors,0
49,40609.0,20577.0,Male,Masters,0
41,36478.0,27473.0,Male,Masters,0
58,59666.0,33625.0,Female,High School,1
69,,20504.0,Male,High School,1
66,119097.0,29089.0,Female,Masters,0
66,91315.0,,Female,High School,1
69,97834.0,5302.0,Female,High School,1
29,34153.0,36463.0,Female,High School,0
56,96325.0,49912.0,Female,PhD,0
19,32999.0,34259.0,Male,,1
20,75318.0,47823.0,Male,Masters,0
66,20814.0,42208.0,Male,High School,1
54,96077.0,35659.0,Female,PhD,1
66,110474.0,40840.0,Male,Masters,0
34,22443.0,36890.0,Male,High School,1
66,95993.0,18598.0,Female,Bachelors,1
19,95916.0,24508.0,Female,High School,0
19,93319.0,47287.0,Female,High School,0
45,37368.0,,Female,PhD,0
40,35328.0,31984.0,Male,Masters,1
54,76942.0,49633.0,Female,Masters,0
49,111751.0,13125.0,Female,,0
50,119131.0,41059.0,Male,High School,0
18,47306.0,9033.0,Male,Bachelors,0
36,105451.0,42873.0,Female,High School,1
19,59915.0,22087.0,Male,High School,1
61,57219.0,45901.0,Female,Bachelors,0
43,100879.0,10704.0,Female,,1
49,84644.0,12848.0,Male,Masters,0
23,80279.0,,Male,PhD,0
49,73028.0,,Female,PhD,1
21,20126.0,32208.0,Female,High School,1
28,72329.0,24614.0,Female,,0
34,47632.0,5488.0,Male,Masters,0
55,85310.0,44882.0,Female,PhD,1
41,75176.0,30923.0,Female,Bachelors,0
22,106066.0,40941.0,Female,PhD,1
69,64327.0,34165.0,Female,Bachelors,0
51,88904.0,6667.0,Female,Masters,0
23,23797.0,31213.0,Male,PhD,1
39,67882.0,9114.0,Female,High School,1
28,33718.0,,Female,PhD,1
65,54560.0,12761.0,Female,Masters,1
33,96589.0,36116.0,Female,High School,1
50,42116.0,38768.0,Male,High School,1
26,56244.0,30426.0,Male,Bachelors,1
23,21645.0,22772.0,Male,High School,0
33,67523.0,43218.0,Female,High School,0
46,,8712.0,Female,,0
20,73173.0,6367.0,Male,Masters,1
37,57430.0,45957.0,Male,Bachelors,1
53,59282.0,46781.0,Male,PhD,1
36,83374.0,31200.0,Female,High School,0
43,88244.0,8726.0,Female,High School,1
20,31694.0,28616.0,Male,Bachelors,1
36,76264.0,32723.0,Male,Masters,0
37,95060.0,42574.0,Male,,1
49,117416.0,39958.0,Female,PhD,0
24,77545.0,14108.0,Female,Bachelors,0
69,59224.0,17178.0,Female,High School,1
58,117945.0,40643.0,Male,PhD,1
50,33224.0,36324.0,Male,High School,1
57,60738.0,43360.0,Female,Masters,0
56,45150.0,22824.0,Male,High School,0
35,,13927.0,Female,High School,0
57,69688.0,33144.0,Male,Bachelors,1
18,119929.0,36010.0,Male,High School,1
28,93509.0,27443.0,Male,PhD,1
45,28577.0,19437.0,Male,PhD,1
42,28070.0,,Female,Masters,0
67,28666.0,44778.0,Male,PhD,0
40,77761.0,16207.0,Female,Bachelors,0
48,56368.0,30537.0,Female,Masters,0
47,26783.0,40757.0,Female,PhD,1
59,61914.0,17040.0,Male,Bachelors,1
52,90507.0,46986.0,Female,PhD,1
24,,27612.0,Female,PhD,0
33,87526.0,33441.0,Female,,0
43,90835.0,11471.0,Male,PhD,1
65,65765.0,40631.0,Male,PhD,1
69,39956.0,48461.0,Female,Bachelors,0
66,107895.0,31523.0,Male,Bachelors,1
19,,36348.0,Female,High School,0
18,57148.0,6177.0,Female,PhD,0
65,114270.0,9760.0,Male,High School,0
29,24757.0,37779.0,Female,PhD,1
22,39097.0,,Male,Masters,1
54,30395.0,21353.0,Male,Masters,0
49,36241.0,16556.0,Female,High School,1
26,47696.0,32598.0,Male,High School,0
58,90480.0,16563.0,Male,High School,0
52,66163.0,48790.0,Female,Bachelors,0
36,39816.0,13234.0,Female,Bachelors,0
65,,30519.0,Male,Bachelors,1
33,72853.0,,Male,High School,0
20,44917.0,21173.0,Female,PhD,0
37,116731.0,31987.0,Male,Masters,1
41,41566.0,18178.0,Male,High School,0
50,95452.0,44338.0,Male,Bachelors,0
41,,29596.0,Male,Bachelors,1
69,40806.0,38174.0,Male,High School,1
28,95520.0,46974.0,Male,High School,1
66,21759.0,9431.0,Male,Bachelors,0
25,61949.0,32764.0,Female,PhD,1
53,112374.0,26627.0,Female,Bachelors,1
55,,44310.0,Female,Bachelors,0
57,,13906.0,Female,High School,0
37,53719.0,41914.0,Female,PhD,0
52,78066.0,,Male,Bachelors,0
65,113501.0,18076.0,Male,Bachelors,0
42,22079.0,42650.0,Male,Masters,1
52,22717.0,11012.0,Male,,1
42,79676.0,12151.0,Female,Masters,1
46,47952.0,33211.0,Male,Masters,0
35,106444.0,32117.0,Male,Bachelors,0
63,62460.0,41378.0,Female,High School,0
35,110397.0,47652.0,Male,PhD,1
19,,11894.0,Male,Bachelors,1
52,113607.0,18467.0,Female,PhD,0
33,109106.0,36010.0,Male,PhD,1
58,38449.0,47641.0,Male,High School,0
53,53536.0,17289.0,Male,Masters,1
50,84077.0,49976.0,Male,High School,1
21,58258.0,48596.0,Male,PhD,1
50,68302.0,28171.0,Female,Bachelors,0
31,48865.0,39905.0,Female,PhD,1
38,,25829.0,Female,Bachelors,1
65,,39054.0,Female,,0
37,46737.0,49139.0,Female,High School,1
25,31485.0,34734.0,Female,PhD,0
24,58565.0,12052.0,Male,Masters,0
20,45522.0,8654.0,Female,PhD,0
34,85155.0,28486.0,Female,PhD,0
50,75168.0,,Male,Masters,0
65,72487.0,29489.0,Male,,1
29,32342.0,13636.0,Female,PhD,0
68,60806.0,11441.0,Male,PhD,0
39,68770.0,,Female,Bachelors,0
39,98623.0,,Male,PhD,0
63,119785.0,17149.0,Female,Masters,1
47,95629.0,39566.0,Male,Bachelors,0
55,72603.0,47368.0,Male,High School,1
55,101974.0,26675.0,Female,Bachelors,0
62,46399.0,10495.0,Female,Masters,1
68,,47668.0,Female,Masters,0
25,,18673.0,Female,Bachelors,0
44,96534.0,16130.0,Female,High School,1
44,75106.0,27668.0,Male,Bachelors,0
51,50678.0,20222.0,Female,High School,1
38,,,Female,Bachelors,0
47,83230.0,39068.0,Male,Masters,1
50,94055.0,28253.0,Male,PhD,0
45,76373.0,14435.0,Female,PhD,0
64,51480.0,33552.0,Male,High School,1
50,105230.0,42384.0,Male,High School,0
22,88836.0,21393.0,Female,High School,0
65,,15617.0,Male,Masters,0
36,59986.0,43520.0,Male,Bachelors,0
21,44160.0,,Female,Masters,0
52,105595.0,36401.0,Female,PhD,0
66,99111.0,11295.0,Male,High School,1
34,84929.0,40993.0,Male,Bachelors,1
61,93506.0,39084.0,Female,PhD,1
45,54911.0,44575.0,Male,PhD,0
47,,41451.0,Male,PhD,1
46,51821.0,12227.0,Male,Masters,0
63,95039.0,,Female,High School,0
23,,41041.0,Male,PhD,0
52,104458.0,28384.0,Male,High School,0
58,32175.0,5145.0,Female,Masters,1
54,74771.0,42778.0,Male,PhD,0
41,106925.0,21035.0,Male,Masters,1
46,86358.0,,Female,Masters,0
66,,47422.0,Female,High School,1
63,67057.0,31160.0,Female,PhD,1
48,26150.0,22633.0,Female,Masters,1
52,24425.0,34344.0,Male,PhD,1
50,36032.0,22014.0,Male,High School,1
69,22198.0,19996.0,Female,,1
38,80500.0,46621.0,Female,High School,0
49,73394.0,16695.0,Male,PhD,1
40,,7852.0,Female,PhD,0
50,56220.0,,Male,High School,1
20,61874.0,32042.0,Female,Bachelors,0
35,,38755.0,Male,Masters,1
42,70460.0,45390.0,Female,PhD,1
59,51419.0,,Female,PhD,0
48,,,Male,Masters,1
20,62880.0,14160.0,Female,High School,1
57,43236.0,32213.0,Male,High School,1
63,107955.0,,Male,High School,0
41,,12421.0,Male,Bachelors,1
67,35358.0,26400.0,Male,Bachelors,0
49,119713.0,38537.0,Male,PhD,1
64,114914.0,,Female,High School,1
39,,9358.0,Female,Masters,0
40,34596.0,33482.0,Male,PhD,1
19,53572.0,37117.0,Female,Masters,1
44,98757.0,28164.0,Male,PhD,0
59,21279.0,36910.0,Female,Bachelors,1
19,83197.0,37496.0,Female,PhD,0
43,82516.0,49311.0,Female,Bachelors,0
34,27083.0,34371.0,Female,PhD,0
57,37771.0,43467.0,Male,High School,1
50,49975.0,22625.0,Male,Masters,0
26,65648.0,38893.0,Female,High School,0
60,68285.0,15793.0,Female,PhD,1
65,39063.0,36007.0,Male,PhD,0
56,87642.0,30766.0,Female,PhD,1
46,110093.0,44532.0,Male,Bachelors,1
59,106143.0,17323.0,Male,Masters,1
43,57599.0,,Male,,1
52,,19210.0,Female,PhD,0
67,48529.0,21456.0,Male,PhD,0
42,,36367.0,Female,Bachelors,0
41,47856.0,15106.0,Male,High School,0
30,22573.0,42957.0,Female,High School,0
24,98344.0,7472.0,Female,Masters,1
53,,11704.0,Female,Bachelors,0
62,119608.0,8713.0,Male,PhD,0
37,80774.0,10051.0,Male,Masters,0
18,43752.0,15756.0,Female,Bachelors,1
25,,7475.0,Female,High School,1
63,37685.0,,Female,Bachelors,0
33,71693.0,,Male,High School,1
31,75961.0,19484.0,Male,Bachelors,0
29,96908.0,39503.0,Male,Masters,0
68,94532.0,13258.0,Male,High School,1
40,101994.0,45747.0,Female,Masters,1
32,76133.0,40196.0,Female,Masters,0
45,117425.0,45194.0,Male,High School,0
51,81268.0,13533.0,Male,High School,1
19,112201.0,37581.0,Female,PhD,0
49,58243.0,10249.0,Male,PhD,1
40,77384.0,,Male,PhD,0
39,51653.0,,Male,Masters,1
68,46657.0,,Male,Masters,0
42,59952.0,5661.0,Male,PhD,0
39,42180.0,49843.0,Male,Masters,1
39,,35137.0,Female,Masters,0
66,98411.0,47828.0,Male,High School,0
69,21622.0,15526.0,Male,,1
59,,8374.0,Female,Masters,0
23,60809.0,30592.0,Female,PhD,0
32,36725.0,33982.0,Female,Bachelors,0
60,81396.0,5207.0,Male,PhD,1
54,71226.0,40433.0,Female,Bachelors,1
50,101182.0,,Male,PhD,1
25,102565.0,38400.0,Male,High School,0
61,49402.0,8083.0,Male,Masters,0
61,24263.0,34328.0,Female,Masters,0
22,116523.0,47891.0,Female,High School,0
56,,25103.0,Female,,1
21,67924.0,44891.0,Female,Bachelors,0
23,94182.0,15754.0,Female,Bachelors,0
62,,39447.0,Male,High School,0
49,79052.0,20901.0,Male,Bachelors,1
69,31664.0,,Male,High School,0
47,55737.0,12446.0,Male,PhD,0
64,109563.0,42211.0,Female,PhD,0
52,49373.0,34301.0,Female,High School,0
57,56397.0,31116.0,Male,Masters,0
69,106145.0,46323.0,Female,PhD,1
33,58709.0,,Female,Bachelors,0
30,81120.0,37376.0,Male,High School,0
67,39250.0,21669.0,Male,Bachelors,0
59,41172.0,37916.0,Female,,0
47,31555.0,18395.0,Female,Masters,0
36,107410.0,25421.0,Male,Bachelors,0
34,,31342.0,Male,Masters,0
36,73276.0,9895.0,Male,PhD,0
45,77492.0,16023.0,Female,High School,0
43,73002.0,15699.0,Male,Bachelors,0
54,109599.0,14715.0,Male,High School,1
43,92355.0,24169.0,Female,Bachelors,1
40,111248.0,21163.0,Female,High School,1
26,44762.0,10782.0,Female,Bachelors,1
29,31046.0,27641.0,Female,Bachelors,0
18,116999.0,23792.0,Female,,1
18,48769.0,40585.0,Male,Bachelors,1
64,73302.0,35682.0,Male,Bachelors,0
51,43150.0,23880.0,Female,Bachelors,1
49,88247.0,43067.0,Female,Bachelors,1
65,24853.0,47685.0,Female,Bachelors,0
42,114613.0,,Female,,0
57,109399.0,41035.0,Female,High School,0
62,41792.0,42174.0,Male,Masters,1
18,79129.0,29837.0,Male,Bachelors,1
33,,22826.0,Male,Masters,0
56,87298.0,29981.0,Male,Bachelors,0
22,51987.0,15382.0,Female,Bachelors,1
39,35850.0,9437.0,Male,High School,0
46,32112.0,,Female,PhD,1
20,44058.0,29819.0,Female,PhD,0
29,65420.0,41875.0,Female,High School,0
43,,36982.0,Male,Masters,1
33,86017.0,38328.0,Female,PhD,0
68,67304.0,,Male,High School,0
54,52921.0,30169.0,Male,High School,0
39,21524.0,26932.0,Female,PhD,1
46,,39594.0,Female,Masters,0
31,55111.0,,Female,High School,0
45,57904.0,,Male,,0
22,74912.0,13325.0,Female,Masters,0
64,54008.0,33495.0,Male,Masters,0
66,20060.0,36750.0,Female,PhD,0
47,94666.0,34619.0,Female,PhD,1
63,103559.0,45461.0,Male,Bachelors,1
69,75337.0,13264.0,Male,High School,0
22,33350.0,,Male,PhD,1
29,44354.0,29226.0,Male,PhD,1
33,65186.0,11721.0,Male,Masters,0
43,48145.0,25609.0,Male,PhD,1
43,54020.0,,Female,PhD,1
65,106123.0,43675.0,Female,PhD,1
38,95186.0,33937.0,Male,PhD,1
56,105469.0,10656.0,Female,Masters,1
53,40581.0,13984.0,Male,Bachelors,1
50,108929.0,34984.0,Female,Bachelors,1
47,43051.0,13286.0,Female,High School,1
54,71474.0,10901.0,Male,PhD,0
40,111748.0,36552.0,Male,Masters,0
27,89626.0,30709.0,Male,High School,1
22,26960.0,,Female,High School,1
53,55772.0,42685.0,Male,Bachelors,0
51,41520.0,13429.0,Female,Masters,1
69,,19716.0,Male,Masters,1
48,56408.0,16138.0,Female,Masters,0
27,,40298.0,Female,Bachelors,0
36,77134.0,28429.0,Male,Bachelors,0
49,40491.0,10772.0,Female,,1
18,21341.0,40732.0,Female,Bachelors,1
22,64623.0,44905.0,Male,Bachelors,0
62,110327.0,22347.0,Female,PhD,0
21,20338.0,21920.0,Male,PhD,1
33,,36822.0,Male,Masters,0
41,32254.0,45108.0,Male,,1
33,71860.0,28563.0,Male,Masters,1
19,31344.0,12967.0,Female,High School,0
66,21750.0,16871.0,Female,Bachelors,0
45,74756.0,33763.0,Female,High School,1
49,87957.0,16916.0,Male,Masters,0
44,78053.0,13734.0,Female,Masters,0
37,90855.0,38613.0,Female,High School,0
41,35896.0,33179.0,Male,PhD,0
29,75761.0,40262.0,Male,Bachelors,1
67,82552.0,17677.0,Female,Bachelors,1
52,97454.0,23268.0,Male,Masters,1
50,,17330.0,Male,PhD,1
50,47935.0,25733.0,Male,High School,0
68,57641.0,42947.0,Male,Bachelors,0
60,49711.0,,Female,PhD,1
54,90342.0,11610.0,Male,Bachelors,1
29,32182.0,11430.0,Male,PhD,0
20,107833.0,44922.0,Male,PhD,1
18,76276.0,18828.0,Male,Masters,1
50,39541.0,47913.0,Male,Bachelors,0
57,114457.0,36497.0,Male,High School,1
27,102310.0,44256.0,Male,Masters,0
60,64813.0,41618.0,Male,Masters,0
61,57198.0,31526.0,Female,High School,1
46,28820.0,,Male,Masters,0
30,44070.0,30032.0,Female,PhD,1
29,89768.0,42846.0,Male,PhD,0
48,,49936.0,Male,Bachelors,1
63,100559.0,34794.0,Male,Bachelors,1
19,93543.0,10448.0,Male,High School,1
68,103441.0,33861.0,Female,Bachelors,0
67,61786.0,33141.0,Male,PhD,0
52,114934.0,14074.0,Male,High School,1
40,119804.0,11406.0,Female,High School,0
34,26737.0,36823.0,Female,Bachelors,1
43,56062.0,28291.0,Male,PhD,1
25,74237.0,46568.0,Female,High School,0
46,71571.0,37003.0,Female,PhD,1
43,45510.0,39406.0,Female,PhD,0
27,39426.0,28312.0,Male,PhD,1
43,57265.0,48108.0,Male,Bachelors,0
51,,,Male,Masters,1
68,86150.0,39171.0,Female,Masters,1
58,107312.0,,Male,High School,0
24,109613.0,,Female,PhD,1
21,94910.0,,Male,Bachelors,1
67,72375.0,38187.0,Male,PhD,0
62,55435.0,17411.0,Female,PhD,1
28,,42285.0,Male,Bachelors,0
46,,20422.0,Female,Masters,1
53,98945.0,47468.0,Female,PhD,0
42,102050.0,37371.0,Male,PhD,1
38,115402.0,10693.0,Female,Masters,1
53,,38535.0,Male,Bachelors,1
27,117241.0,19818.0,Male,High School,0
54,40662.0,36238.0,Female,Masters,0
26,43510.0,35874.0,Male,High School,0
41,98187.0,31715.0,Female,High School,0
52,60998.0,32605.0,Male,,1
66,76846.0,39317.0,Male,PhD,1
52,114071.0,36174.0,Male,High School,0
65,26640.0,14956.0,Male,High School,0
53,64547.0,43908.0,Male,Bachelors,0
35,74620.0,15837.0,Female,PhD,1
66,35317.0,8716.0,Female,High School,0
56,27564.0,9481.0,Female,Bachelors,0
49,,29282.0,Female,PhD,1
41,114223.0,11548.0,Female,Masters,1
40,99273.0,42605.0,Female,Masters,0
49,94859.0,,Male,Bachelors,1
54,100765.0,48668.0,Male,Masters,0
29,94038.0,28177.0,Female,High School,1
66,,29022.0,Female,PhD,0
30,,45761.0,Male,High School,0
40,49430.0,10542.0,Male,High School,0
42,95532.0,30476.0,Male,Masters,0
52,47788.0,35784.0,Female,High School,1
58,115505.0,27740.0,Female,Masters,1
47,68543.0,29817.0,Female,PhD,1
34,33919.0,21052.0,Male,,1
66,89346.0,40153.0,Male,High School,0
37,116122.0,5671.0,Female,Bachelors,0
65,59974.0,,Female,Masters,1
42,36371.0,46424.0,Male,Masters,1
39,65084.0,49002.0,Male,High School,1
30,49629.0,9795.0,Male,Masters,1
36,71184.0,,Male,Masters,1
66,81916.0,,Female,Bachelors,0
53,93972.0,27420.0,Male,Bachelors,0
29,82187.0,34300.0,Male,High School,0
58,32984.0,,Male,Bachelors,1
36,53039.0,15749.0,Female,,1
29,105431.0,,Female,PhD,1
26,103691.0,30121.0,Male,High School,1
24,78606.0,42487.0,Male,PhD,0
45,30616.0,33411.0,Male,High School,0
31,70072.0,38361.0,Female,Masters,1
48,44574.0,26223.0,Female,Bachelors,0
69,23430.0,12394.0,Female,PhD,0
36,32676.0,,Male,High School,1
64,30816.0,33380.0,Female,Bachelors,1
33,52733.0,31035.0,Male,High School,1
22,105680.0,35620.0,Male,Bachelors,1
52,22050.0,24877.0,Male,Bachelors,1
29,53933.0,48404.0,Female,High School,1
42,44951.0,,Male,PhD,0
69,52413.0,37784.0,Female,PhD,0
38,54801.0,8191.0,Female,Masters,1
53,75619.0,38160.0,Male,Bachelors,0
40,52913.0,30000.0,Male,Masters,1
33,60600.0,44040.0,Female,,1
56,77775.0,8631.0,Male,High School,1
62,110816.0,11172.0,Female,High School,1
59,110093.0,47080.0,Male,High School,0
56,55400.0,28561.0,Female,Bachelors,1
31,24494.0,29817.0,Female,High School,0
48,100688.0,25281.0,Female,High School,1
22,109431.0,33671.0,Female,,1
52,94691.0,30364.0,Male,Bachelors,1
40,117419.0,46674.0,Male,PhD,0
46,,32425.0,Female,High School,1
60,87364.0,,Female,High School,1
28,65028.0,28253.0,Male,High School,1
35,,28472.0,Male,PhD,0
64,57573.0,13080.0,Male,High School,0
29,20806.0,12099.0,Male,PhD,0
26,76638.0,30431.0,Male,Masters,1
27,49757.0,36186.0,Male,PhD,0
61,54636.0,35111.0,Female,Masters,1
34,100097.0,44851.0,Male,High School,0
55,68280.0,27614.0,Male,Masters,0
24,44262.0,31724.0,Female,PhD,1
63,100435.0,46991.0,Male,Bachelors,0
30,82211.0,9940.0,Male,Masters,1
57,,33758.0,Male,Masters,1
59,76979.0,41224.0,Male,High School,0
26,101470.0,12788.0,Male,PhD,1
67,58197.0,33082.0,Female,Masters,1
44,61844.0,29034.0,Male,Masters,0
19,84754.0,40479.0,Female,Masters,0
22,54157.0,16280.0,Female,Masters,1
46,97129.0,23052.0,Male,Bachelors,0
54,60042.0,21531.0,Female,,1
55,81665.0,27804.0,Male,High School,1
36,102856.0,33903.0,Female,High School,0
25,47376.0,,Female,Bachelors,0
65,75554.0,,Male,PhD,0
62,34199.0,,Male,Masters,0
18,,9531.0,Male,Bachelors,1
39,70948.0,43098.0,Male,PhD,1
69,93781.0,43278.0,Male,Masters,0
34,92750.0,33138.0,Female,Bachelors,0
24,86262.0,32065.0,Female,PhD,1
42,66600.0,34956.0,Female,High School,1
62,,46732.0,Female,High School,1
21,82483.0,44261.0,Female,PhD,1
53,38297.0,15759.0,Female,High School,0
23,50448.0,10439.0,Female,PhD,1
48,46172.0,47533.0,Male,Masters,1
36,62874.0,33270.0,Male,PhD,0
61,,18279.0,Female,Masters,1
56,104386.0,44279.0,Female,Bachelors,1
44,45425.0,49251.0,Male,PhD,0
27,46685.0,28888.0,Male,Bachelors,0
43,44578.0,22630.0,Male,High School,0
36,,40144.0,Male,Masters,1
56,27906.0,,Female,PhD,1
20,81413.0,30538.0,Male,Bachelors,0
62,74028.0,16824.0,Female,,0
30,,37125.0,Female,Masters,1
67,53660.0,11979.0,Female,High School,0
45,95758.0,,Male,High School,0
37,80504.0,47600.0,Male,Masters,0
45,79720.0,17504.0,Female,Masters,1
25,54701.0,25669.0,Female,PhD,1
58,103300.0,11910.0,Female,Masters,1
56,37674.0,39964.0,Male,PhD,1
18,103560.0,25131.0,Female,Masters,1
20,43874.0,30227.0,Male,High School,1
30,63642.0,,Female,PhD,0
45,117820.0,26991.0,Female,Bachelors,1
66,85160.0,22153.0,Female,High School,1
42,37602.0,38548.0,Male,PhD,0
50,108801.0,47676.0,Male,PhD,1
55,45931.0,44071.0,Female,Bachelors,1
23,114377.0,8983.0,Male,PhD,0
61,49192.0,14503.0,Female,Masters,0
62,66542.0,34921.0,Male,Bachelors,0
49,62520.0,21905.0,Male,,1
62,84772.0,28953.0,Male,High School,0
64,78762.0,,Female,Masters,1
38,70106.0,27168.0,Male,High School,1
33,101121.0,9583.0,Male,PhD,1
38,45559.0,43714.0,Female,,1
28,,,Female,Masters,0
54,89669.0,16889.0,Female,High School,0
53,100199.0,32413.0,Female,High School,1
52,41754.0,17275.0,Male,Masters,0
36,23972.0,7461.0,Male,Bachelors,1
37,90831.0,19291.0,Male,High School,1
35,61873.0,16435.0,Male,Bachelors,1
64,,32935.0,Male,High School,0
58,29903.0,38453.0,Female,High School,1
66,23020.0,23544.0,Male,High School,1
31,61755.0,17258.0,Male,High School,0
32,105956.0,35841.0,Male,PhD,0
48,,15736.0,Female,Bachelors,0
18,65648.0,42643.0,Female,Bachelors,0
20,29516.0,48950.0,Male,High School,1
33,22396.0,39964.0,Female,High School,0
40,104082.0,33044.0,Female,Bachelors,1
28,39129.0,44933.0,Female,PhD,0
29,21591.0,20997.0,Female,Masters,0
27,31303.0,19215.0,Female,Masters,0
49,50561.0,38069.0,Female,Bachelors,0
33,91719.0,28911.0,Female,High School,0
25,112108.0,22030.0,Male,,0
55,119616.0,,Male,PhD,1
29,106231.0,19571.0,Female,,0
41,27314.0,47719.0,Male,PhD,0
45,39623.0,33927.0,Male,Masters,0
25,87675.0,25714.0,Female,Bachelors,0
45,116826.0,,Male,Masters,1
53,85082.0,,Female,PhD,0
43,103624.0,33444.0,Female,PhD,0
25,53130.0,24921.0,Female,PhD,0
67,71756.0,18057.0,Male,Bachelors,0
45,117624.0,29858.0,Male,Masters,1
45,46292.0,49638.0,Male,Masters,0
54,106206.0,31062.0,Male,PhD,1
58,89274.0,41850.0,Female,Masters,0
53,22469.0,25567.0,Female,High School,1
44,73947.0,34739.0,Male,High School,1
34,42534.0,48285.0,Female,High School,0
26,83620.0,8754.0,Female,Masters,0
50,68874.0,32044.0,Male,Bachelors,1
37,69708.0,6724.0,Female,Bachelors,1
30,94553.0,6376.0,Male,Bachelors,0
45,88344.0,13706.0,Female,Bachelors,1
65,69138.0,13894.0,Male,High School,1
46,74302.0,23037.0,Female,High School,1
30,67638.0,23450.0,Female,PhD,0
63,,21406.0,Male,Masters,1
52,22719.0,34725.0,Male,Masters,1
23,42890.0,10926.0,Male,Bachelors,1
35,97236.0,44019.0,Male,High School,0
68,56509.0,14496.0,Female,Bachelors,0
22,62534.0,41068.0,Female,PhD,1
64,,34806.0,Male,Masters,0
42,38787.0,27663.0,Female,Masters,1
19,68845.0,46321.0,Male,Bachelors,0
27,77932.0,41495.0,Male,PhD,0
47,112124.0,27656.0,Female,Masters,1
67,,30860.0,Female,PhD,0
62,53062.0,21832.0,Male,PhD,0
22,95713.0,43787.0,Male,Bachelors,0
50,107263.0,26727.0,Male,High School,1
18,115756.0,47815.0,Female,Bachelors,0
35,80461.0,,Female,High School,0
49,95418.0,49522.0,Female,PhD,1
64,86672.0,7520.0,Female,High School,0
66,54832.0,8081.0,Male,PhD,0
28,51966.0,,Male,Masters,0
38,92545.0,41735.0,Male,Masters,0
43,32987.0,44213.0,Male,Masters,0
42,,19566.0,Male,Bachelors,1
39,51575.0,19042.0,Male,Bachelors,1
44,,30498.0,Female,PhD,0
66,21007.0,16329.0,Female,Masters,0
30,,36656.0,Male,Bachelors,0
50,96242.0,7159.0,Male,Masters,1
51,67517.0,42900.0,Female,Bachelors,1
58,,24363.0,Female,High School,0
52,107272.0,48241.0,Female,High School,0
18,62207.0,24033.0,Female,Masters,1
38,33281.0,15805.0,Male,,0
65,81246.0,40851.0,Male,Bachelors,1
23,21435.0,31832.0,Male,Bachelors,1
45,118875.0,18944.0,Male,High School,0
34,111357.0,24873.0,Male,High School,1
22,46660.0,45372.0,Female,PhD,0
48,25084.0,28928.0,Male,PhD,0
22,102197.0,,Female,PhD,0
55,33507.0,41751.0,Male,,0
20,92595.0,39546.0,Male,High School,0
40,103807.0,29286.0,Male,Masters,0
54,,10110.0,Male,High School,1
54,27491.0,17087.0,Male,High School,1
27,70192.0,28762.0,Female,Bachelors,1
27,100395.0,,Female,High School,1
36,83888.0,39947.0,Female,High School,0
34,,14596.0,Male,Masters,1
38,29077.0,43019.0,Male,,1
31,,47003.0,Female,Masters,1
26,96919.0,23313.0,Male,PhD,0
63,87889.0,6013.0,Male,High School,1
18,43821.0,28705.0,Female,High School,0
68,57567.0,6828.0,Male,Masters,1
62,44860.0,12909.0,Female,PhD,0
30,41195.0,43356.0,Male,Bachelors,0
21,97475.0,18109.0,Female,PhD,1
18,110874.0,,Male,Masters,0
66,107266.0,19537.0,Male,PhD,0
57,41427.0,31661.0,Female,Masters,1
49,47083.0,43659.0,Male,Masters,1
51,107046.0,38848.0,Male,Bachelors,1
45,77372.0,42804.0,Female,High School,0
48,64064.0,20379.0,Male,Masters,0
25,27813.0,,Female,Masters,0
56,51598.0,48590.0,Male,Bachelors,1
43,113106.0,7563.0,Male,Masters,0
51,47082.0,41060.0,Male,High School,0
20,49241.0,34197.0,Male,Bachelors,0
67,116214.0,,Female,High School,0
29,,21087.0,Male,High School,0
18,31745.0,28225.0,Female,Bachelors,0
61,46029.0,34750.0,Male,Masters,0
22,33025.0,11643.0,Male,High School,1
47,34288.0,32523.0,Male,High School,1
47,109186.0,41727.0,Male,High School,1
34,26540.0,16005.0,Female,High School,0
65,117768.0,48543.0,Female,Bachelors,0
64,101958.0,5161.0,Female,Bachelors,1
40,88878.0,21029.0,Female,PhD,0
32,61846.0,19226.0,Male,PhD,1
54,95932.0,33731.0,Female,High School,0
38,37482.0,48922.0,Female,Masters,0
31,43411.0,49848.0,Male,High School,1
19,70975.0,8390.0,Male,Masters,1
28,80545.0,10997.0,Male,High School,1
68,98797.0,17693.0,Male,PhD,1
56,72307.0,,Female,PhD,1
55,23093.0,5541.0,Female,Masters,0
51,97258.0,26817.0,Male,High School,0
55,42042.0,42861.0,Male,Masters,0
67,72930.0,,Male,PhD,1
51,64413.0,48934.0,Female,High School,1
35,113623.0,15258.0,Female,High School,1
47,117883.0,21044.0,Male,Masters,1
32,53756.0,34411.0,Male,Bachelors,1
44,73268.0,10469.0,Female,Masters,1
68,,33854.0,Male,PhD,0
51,101871.0,11256.0,Male,PhD,0
69,48602.0,15720.0,Female,PhD,0
55,73331.0,38937.0,Male,PhD,0
50,68901.0,38598.0,Female,PhD,0
41,119986.0,6651.0,Male,Bachelors,1
32,83416.0,24194.0,Male,High School,1
47,52196.0,30051.0,Female,Masters,1
59,25626.0,32386.0,Female,Masters,1
68,27424.0,14518.0,Male,PhD,1
34,32857.0,21184.0,Female,Masters,1
22,39982.0,38787.0,Male,,0
46,96961.0,26621.0,Male,Bachelors,1
21,21980.0,15028.0,Female,Bachelors,1
27,68290.0,17448.0,Male,High School,1
34,46431.0,39051.0,Male,Bachelors,1
27,104976.0,35447.0,Female,Bachelors,0
34,102711.0,23394.0,Female,High School,0
37,46385.0,39501.0,Male,,1
41,58158.0,35254.0,Female,,0
22,43019.0,23509.0,Female,PhD,0
51,38639.0,19472.0,Female,Masters,1
23,105530.0,8471.0,Female,High School,1
19,119911.0,46796.0,Male,Masters,1
30,41563.0,35268.0,Male,Bachelors,1
60,59341.0,13329.0,Male,,1
60,25776.0,39865.0,Female,,0
65,56444.0,33272.0,Female,High School,1
28,88916.0,47845.0,Female,PhD,1
68,28711.0,11397.0,Female,Masters,1
64,94318.0,37373.0,Female,High School,0
40,102970.0,40525.0,Female,High School,1
33,105553.0,29570.0,Female,High School,1
48,50707.0,23284.0,Male,Masters,1
28,59110.0,23994.0,Male,PhD,0
33,81788.0,28284.0,Female,Bachelors,1
25,102879.0,22833.0,Female,PhD,1
21,,30122.0,Female,High School,1
57,25655.0,10017.0,Male,PhD,0
21,64859.0,21370.0,Male,PhD,1
42,73625.0,34252.0,Female,Bachelors,1
20,72098.0,,Female,Masters,1
49,35251.0,27436.0,Male,Masters,0
20,20526.0,47963.0,Male,PhD,1
44,88760.0,,Male,PhD,1
46,67837.0,30279.0,Male,Masters,1
49,31536.0,,Female,Masters,0
67,48541.0,31201.0,Male,Bachelors,0
68,99083.0,24715.0,Male,High School,1
36,71027.0,34309.0,Female,PhD,0
38,,20078.0,Male,Masters,0
22,28712.0,10105.0,Male,PhD,0
35,85455.0,34312.0,Male,PhD,1
45,94744.0,7839.0,Female,Masters,1
59,25109.0,8384.0,Male,Bachelors,0
39,69268.0,48619.0,Female,PhD,0
38,74615.0,47821.0,Female,Bachelors,0
23,102503.0,18493.0,Male,Masters,1
18,49759.0,22069.0,Male,High School,1
22,105708.0,12531.0,Male,High School,0
58,80112.0,42051.0,Male,PhD,0
29,46589.0,12736.0,Female,Masters,0
43,50015.0,12710.0,Male,Bachelors,0
63,49009.0,6619.0,Male,PhD,1
51,103309.0,18975.0,Male,Masters,0
66,82046.0,28252.0,Female,Masters,1
31,46143.0,,Male,Bachelors,0
43,26154.0,6431.0,Male,PhD,0
62,41804.0,14067.0,Female,Masters,0
44,61688.0,42481.0,Female,Masters,0
26,84288.0,32037.0,Male,Masters,0
43,71195.0,14557.0,Male,Bachelors,1
64,40581.0,14435.0,Male,PhD,0
39,72648.0,42766.0,Male,PhD,0
64,50087.0,5162.0,Male,PhD,0
47,69930.0,39742.0,Female,PhD,1
60,52981.0,24675.0,Female,High School,1
65,89298.0,13461.0,Male,High School,1
34,66167.0,22015.0,Male,PhD,1
43,95304.0,37591.0,Female,Bachelors,0
53,63408.0,33047.0,Male,High School,0
18,59499.0,39782.0,Male,Masters,0
25,,14833.0,Male,High School,1
66,58559.0,12896.0,Male,Masters,0
52,94319.0,37972.0,Male,PhD,0
69,115317.0,46800.0,Female,High School,1
32,116347.0,35508.0,Male,Bachelors,1
64,,10347.0,Male,High School,1
39,55488.0,35314.0,Male,High School,0
31,94441.0,7643.0,Female,High School,0
43,,45785.0,Female,PhD,1
45,42431.0,23681.0,Female,Bachelors,0
40,81681.0,,Female,High School,1
31,83483.0,20892.0,Male,Bachelors,1
41,69153.0,22073.0,Female,PhD,0
19,,41768.0,Male,Masters,1
62,47424.0,35682.0,Male,High School,1
43,65004.0,37262.0,Female,Bachelors,1
31,103869.0,36358.0,Female,Bachelors,0
68,108652.0,19289.0,Female,PhD,1
24,,12927.0,Female,High School,1
20,70069.0,6171.0,Female,Masters,1
64,72326.0,16918.0,Male,Bachelors,1
40,101061.0,46903.0,Female,High School,1
63,43398.0,44110.0,Female,Masters,1
60,118393.0,16929.0,Female,Bachelors,1
64,70861.0,7539.0,Male,Bachelors,0
62,95897.0,41727.0,Female,Masters,0
35,101905.0,,Male,Masters,1
55,88577.0,10432.0,Female,PhD,0
